{
  "IcoMoonType": "selection",
  "icons": [
    {
      "icon": {
        "paths": [
          "M704 64l-320 320h-192l-192 256c0 0 203.416-56.652 322.066-30.084l-322.066 414.084 421.902-328.144c58.838 134.654-37.902 328.144-37.902 328.144l256-192v-192l320-320 64-320-320 64z"
        ],
        "tags": [
          "rocket",
          "jet",
          "speed",
          "spaceship",
          "fast"
        ],
        "defaultCode": 59813,
        "grid": 16,
        "attrs": []
      },
      "attrs": [],
      "properties": {
        "ligatures": "rocket, jet",
        "name": "rocket",
        "order": 46,
        "id": 166,
        "prevSize": 32
      },
      "setIdx": 6,
      "setId": 1,
      "iconIdx": 165
    }
  ],
  "height": 1024,
  "preferences": {
    "showGlyphs": true,
    "showQuickUse": true,
    "showQuickUse2": false,
    "showSVGs": true,
    "fontPref": {
      "prefix": "icon-",
      "metadata": {
        "fontFamily": "icomoon"
      },
      "metrics": {
        "emSize": 1024,
        "baseline": 6.25,
        "whitespace": 50
      },
      "embed": false
    },
    "imagePref": {
      "prefix": "icon-",
      "png": true,
      "useClassSelector": true,
      "color": 0,
      "bgColor": 16777215,
      "classSelector": ".icon",
      "name": "icomoon"
    },
    "historySize": 50,
    "showCodes": true,
    "gridSize": 16
  }
}